{
  "face_analysis": [
    {
      "groupe": "Groupe_1",
      "range": "frames_0-4",
      "frames_count": 5,
      "lip_separation": 0.015186947584152222,
      "confidence": 1.0,
      "good_eye_contact": "0%true",
      "expression_category": "40%slight_smile / 60%surprised",
      "timestamp": 0.8,
      "genuine_smile": 0.0,
      "mouth_openness": 0.10280193809245412,
      "is_smiling": 0.4,
      "face_detected": 1.0,
      "eye_level": 0.20965088158845901,
      "neutral_expression": 0.6,
      "eyebrow_raised": 1.0,
      "mouth_width": 0.07711991667747498,
      "mouth_height": 0.008452856540679931,
      "mouth_curve": -0.005652394890785217,
      "slight_smile": 0.4,
      "head_tilt": -3.4992739527785988,
      "frame": 20.0,
      "eye_distance": 0.15780538450344542,
      "gaze_direction_x": 0.1202422946691513,
      "head_turn": 115.13381691108812,
      "frowning": 0.0,
      "expression_intensity": 0.03602629005908966,
      "face_center": {
        "x": 0.6686134576797486,
        "y": 0.25843463838100433
      },
      "looking_at_camera": "0%true",
      "orientation_category": "100%nod_excessive",
      "contact_quality": "100%eyes_closed",
      "gaze_distance": 0.2271369899347584,
      "head_nod": 52.36561695359617,
      "eye_openness": 0.003808775544166565,
      "gaze_direction_y": -0.190349118411541,
      "facial_symmetry": -0.18706290125846864,
      "acceptable_eye_contact": "0%true"
    },
    {
      "groupe": "Groupe_2",
      "range": "frames_5-9",
      "frames_count": 5,
      "lip_separation": 0.017106002569198607,
      "confidence": 1.0,
      "good_eye_contact": "0%true",
      "expression_category": "80%slight_smile / 20%surprised",
      "timestamp": 2.8,
      "genuine_smile": 0.0,
      "mouth_openness": 0.13420336303916264,
      "is_smiling": 0.8,
      "face_detected": 1.0,
      "eye_level": 0.2198516070842743,
      "neutral_expression": 0.2,
      "eyebrow_raised": 1.0,
      "mouth_width": 0.08090308904647828,
      "mouth_height": 0.010726636648178101,
      "mouth_curve": -0.006378328800201416,
      "slight_smile": 0.8,
      "head_tilt": -6.531445053451125,
      "frame": 70.0,
      "eye_distance": 0.14881586921779508,
      "gaze_direction_x": 0.09622503519058227,
      "head_turn": 108.23307958895398,
      "frowning": 0.0,
      "expression_intensity": 0.040590333938598636,
      "face_center": {
        "x": 0.6694963097572326,
        "y": 0.2741319417953491
      },
      "looking_at_camera": "0%true",
      "orientation_category": "100%nod_excessive",
      "contact_quality": "100%eyes_closed",
      "gaze_distance": 0.20426382912011273,
      "head_nod": 46.27415768075956,
      "eye_openness": 0.007586872577667237,
      "gaze_direction_y": -0.18014839291572574,
      "facial_symmetry": -0.1299256980419159,
      "acceptable_eye_contact": "0%true"
    },
    {
      "groupe": "Groupe_3",
      "range": "frames_10-14",
      "frames_count": 5,
      "lip_separation": 0.017021292448043825,
      "confidence": 1.0,
      "good_eye_contact": "0%true",
      "expression_category": "80%slight_smile / 20%surprised",
      "timestamp": 4.8,
      "genuine_smile": 0.0,
      "mouth_openness": 0.11293404454481112,
      "is_smiling": 0.8,
      "face_detected": 1.0,
      "eye_level": 0.21125681847333908,
      "neutral_expression": 0.2,
      "eyebrow_raised": 1.0,
      "mouth_width": 0.09437515139579773,
      "mouth_height": 0.01104556918144226,
      "mouth_curve": -0.00589829683303833,
      "slight_smile": 0.8,
      "head_tilt": -3.85655415912533,
      "frame": 120.0,
      "eye_distance": 0.17477921234058263,
      "gaze_direction_x": 0.06204847991466522,
      "head_turn": 123.27054943471023,
      "frowning": 0.0,
      "expression_intensity": 0.03994088172912598,
      "face_center": {
        "x": 0.618301510810852,
        "y": 0.2592058300971985
      },
      "looking_at_camera": "0%true",
      "orientation_category": "100%nod_excessive",
      "contact_quality": "100%eyes_closed",
      "gaze_distance": 0.20074665054380175,
      "head_nod": 51.3357761080105,
      "eye_openness": 0.005383184552192688,
      "gaze_direction_y": -0.18874318152666095,
      "facial_symmetry": -0.08899379968643188,
      "acceptable_eye_contact": "0%true"
    },
    {
      "groupe": "Groupe_4",
      "range": "frames_15-19",
      "frames_count": 5,
      "lip_separation": 0.020200508832931518,
      "confidence": 1.0,
      "good_eye_contact": "0%true",
      "expression_category": "100%slight_smile",
      "timestamp": 6.8,
      "genuine_smile": 0.0,
      "mouth_openness": 0.12933809932849102,
      "is_smiling": 1.0,
      "face_detected": 1.0,
      "eye_level": 0.2032523974776268,
      "neutral_expression": 0.0,
      "eyebrow_raised": 1.0,
      "mouth_width": 0.11232853531837464,
      "mouth_height": 0.014448100328445434,
      "mouth_curve": -0.008080974221229553,
      "slight_smile": 1.0,
      "head_tilt": 0.16246389504620024,
      "frame": 170.0,
      "eye_distance": 0.1899359758345602,
      "gaze_direction_x": 0.045495256781578064,
      "head_turn": 78.04627789145567,
      "frowning": 0.0,
      "expression_intensity": 0.04848199188709259,
      "face_center": {
        "x": 0.5615799129009247,
        "y": 0.2517408668994904
      },
      "looking_at_camera": "0%true",
      "orientation_category": "100%nod_excessive",
      "contact_quality": "100%eyes_closed",
      "gaze_distance": 0.20548492959197412,
      "head_nod": 53.31527030047893,
      "eye_openness": 0.006918130815029145,
      "gaze_direction_y": -0.19674760252237322,
      "facial_symmetry": -0.08625368475914001,
      "acceptable_eye_contact": "0%true"
    },
    {
      "groupe": "Groupe_5",
      "range": "frames_20-27",
      "frames_count": 8,
      "lip_separation": 0.015026688575744629,
      "confidence": 1.0,
      "good_eye_contact": "0%true",
      "expression_category": "38%surprised / 62%slight_smile",
      "timestamp": 9.4,
      "genuine_smile": 0.0,
      "mouth_openness": 0.10403896853912722,
      "is_smiling": 0.625,
      "face_detected": 1.0,
      "eye_level": 0.20845981128513813,
      "neutral_expression": 0.375,
      "eyebrow_raised": 1.0,
      "mouth_width": 0.07797592878341675,
      "mouth_height": 0.008243605494499207,
      "mouth_curve": -0.006152072921395302,
      "slight_smile": 0.625,
      "head_tilt": -10.00744121125539,
      "frame": 235.0,
      "eye_distance": 0.14090304341298238,
      "gaze_direction_x": 0.12064032629132271,
      "head_turn": 105.82208927758961,
      "frowning": 0.0,
      "expression_intensity": 0.03620545007288456,
      "face_center": {
        "x": 0.6983297094702721,
        "y": 0.2566525414586067
      },
      "looking_at_camera": "0%true",
      "orientation_category": "100%nod_excessive",
      "contact_quality": "100%eyes_closed",
      "gaze_distance": 0.22700762069635003,
      "head_nod": 47.76100524603957,
      "eye_openness": 0.004880988039076328,
      "gaze_direction_y": -0.1915401887148619,
      "facial_symmetry": -0.17247165367007256,
      "acceptable_eye_contact": "0%true"
    }
  ],
  "pose_analysis": [
    {
      "groupe": "Groupe_1",
      "range": "frames_0-4",
      "frames_count": 5,
      "head_tilt": -60.551191935458306,
      "shoulder_tilt": 35.45171158394092,
      "upper_body_confidence": 1.0,
      "shoulder_width": 0.6199284559629797,
      "timestamp": 0.8,
      "frame": 20.0
    },
    {
      "groupe": "Groupe_2",
      "range": "frames_5-9",
      "frames_count": 5,
      "head_tilt": -45.43565499320088,
      "shoulder_tilt": 176.531582760555,
      "upper_body_confidence": 1.0,
      "shoulder_width": 0.6346466677792917,
      "timestamp": 2.8,
      "frame": 70.0
    },
    {
      "groupe": "Groupe_3",
      "range": "frames_10-14",
      "frames_count": 5,
      "head_tilt": -56.81559995327491,
      "shoulder_tilt": 176.7529591464633,
      "upper_body_confidence": 1.0,